Actual Voucher No,Generated Voucher No,Actual Date,Generated Date,Match Score,Voucher Type Match,Ledger Names Match,Amount Match,Narration Match,Differences
RENT/MARCH26,RENT/MARCH26,2026-03-31,2026-03-31,100.00%,Yes,Yes,Yes,Yes,
507,507,2026-03-31,2026-03-31,100.00%,Yes,Yes,Yes,Yes,
25-26/6453,25-26/6453,2026-03-31,2026-03-31,100.00%,Yes,Yes,Yes,Yes,
25-26/6454,25-26/6454,2026-03-31,2026-03-31,100.00%,Yes,Yes,Yes,Yes,
25-26/6455,25-26/6455,2026-03-31,2026-03-31,100.00%,Yes,Yes,Yes,Yes,
25-26/6456,25-26/6456,2026-03-31,2026-03-31,100.00%,Yes,Yes,Yes,Yes,
25-26/6457,25-26/6457,2026-03-31,2026-03-31,100.00%,Yes,Yes,Yes,Yes,
25-26/6458,25-26/6458,2026-03-31,2026-03-31,100.00%,Yes,Yes,Yes,Yes,
25-26/6459,25-26/6459,2026-03-31,2026-03-31,100.00%,Yes,Yes,Yes,Yes,
25-26/6460,25-26/6460,2026-03-31,2026-03-31,100.00%,Yes,Yes,Yes,Yes,
25-26/6461,25-26/6461,2026-03-31,2026-03-31,100.00%,Yes,Yes,Yes,Yes,
25-26/6462,25-26/6462,2026-03-31,2026-03-31,100.00%,Yes,Yes,Yes,Yes,
25-26/6463,25-26/6463,2026-03-31,2026-03-31,100.00%,Yes,Yes,Yes,Yes,
25-26/6464,25-26/6464,2026-03-31,2026-03-31,100.00%,Yes,Yes,Yes,Yes,
25-26/6465,25-26/6465,2026-03-31,2026-03-31,100.00%,Yes,Yes,Yes,Yes,
25-26/6466,25-26/6466,2026-03-31,2026-03-31,100.00%,Yes,Yes,Yes,Yes,
25-26/6467,25-26/6467,2026-03-31,2026-03-31,100.00%,Yes,Yes,Yes,Yes,
25-26/6468,25-26/6468,2026-03-31,2026-03-31,100.00%,Yes,Yes,Yes,Yes,
25-26/6469,25-26/6469,2026-03-31,2026-03-31,100.00%,Yes,Yes,Yes,Yes,
25-26/6470,25-26/6470,2026-03-31,2026-03-31,100.00%,Yes,Yes,Yes,Yes,
25-26/6471,25-26/6471,2026-03-31,2026-03-31,100.00%,Yes,Yes,Yes,Yes,
25-26/6472,25-26/6472,2026-03-31,2026-03-31,100.00%,Yes,Yes,Yes,Yes,
25-26/6473,25-26/6473,2026-03-31,2026-03-31,100.00%,Yes,Yes,Yes,Yes,
25-26/6466,25-26/6466,2026-03-31,2026-03-31,100.00%,Yes,Yes,Yes,Yes,
25-26/6456,25-26/6456,2026-03-31,2026-03-31,100.00%,Yes,Yes,Yes,Yes,
25-26/4 ITEMS,25-26/4 ITEMS,2026-03-31,2026-03-31,100.00%,Yes,Yes,Yes,Yes,
1,1,2026-03-31,2026-03-31,100.00%,Yes,Yes,Yes,Yes,
2,2,2026-03-31,2026-03-31,100.00%,Yes,Yes,Yes,Yes,
GST ADJ ENTRY,GST ADJ ENTRY,2026-03-31,2026-03-31,100.00%,Yes,Yes,Yes,Yes,
GST ADJ ENTRY GOMMT,GST ADJ ENTRY GOMMT,2026-03-31,2026-03-31,100.00%,Yes,Yes,Yes,Yes,
,,2026-03-31,2026-03-31,100.00%,Yes,Yes,Yes,Yes,
,,2026-03-31,2026-03-31,100.00%,Yes,Yes,Yes,Yes,
99,99,2026-03-31,2026-03-31,100.00%,Yes,Yes,Yes,Yes,
99,99,2026-03-31,2026-03-31,100.00%,Yes,Yes,Yes,Yes,
73,73,2026-03-31,2026-03-31,100.00%,Yes,Yes,Yes,Yes,
73,73,2026-03-31,2026-03-31,100.00%,Yes,Yes,Yes,Yes,
,,2026-03-31,2026-03-31,100.00%,Yes,Yes,Yes,Yes,
H11010326I063126,H11010326I063126,2026-03-31,2026-03-31,100.00%,Yes,Yes,Yes,Yes,
1016,1016,2026-03-31,2026-03-31,100.00%,Yes,Yes,Yes,Yes,
1017,1017,2026-03-31,2026-03-31,100.00%,Yes,Yes,Yes,Yes,
1018,1018,2026-03-31,2026-03-31,100.00%,Yes,Yes,Yes,Yes,
1019,1019,2026-03-31,2026-03-31,100.00%,Yes,Yes,Yes,Yes,
1020,1020,2026-03-31,2026-03-31,100.00%,Yes,Yes,Yes,Yes,
1021,1021,2026-03-31,2026-03-31,100.00%,Yes,Yes,Yes,Yes,
1016,1016,2026-03-31,2026-03-31,100.00%,Yes,Yes,Yes,Yes,
1017,1017,2026-03-31,2026-03-31,100.00%,Yes,Yes,Yes,Yes,
1018,1018,2026-03-31,2026-03-31,100.00%,Yes,Yes,Yes,Yes,
1019,1019,2026-03-31,2026-03-31,100.00%,Yes,Yes,Yes,Yes,
1020,1020,2026-03-31,2026-03-31,100.00%,Yes,Yes,Yes,Yes,
1021,1021,2026-03-31,2026-03-31,100.00%,Yes,Yes,Yes,Yes,
1022,1022,2026-03-31,2026-03-31,100.00%,Yes,Yes,Yes,Yes,
1022,1022,2026-03-31,2026-03-31,100.00%,Yes,Yes,Yes,Yes,
446,446,2026-03-31,2026-03-31,100.00%,Yes,Yes,Yes,Yes,
,,2026-03-31,2026-03-31,100.00%,Yes,Yes,Yes,Yes,
,,2026-03-31,2026-03-31,100.00%,Yes,Yes,Yes,Yes,
,,2026-03-31,2026-03-31,100.00%,Yes,Yes,Yes,Yes,
,,2026-03-31,2026-03-31,100.00%,Yes,Yes,Yes,Yes,
25-26/6473,25-26/6473,2026-03-31,2026-03-31,100.00%,Yes,Yes,Yes,Yes,
8557942246,8557942246,2026-03-31,2026-03-31,100.00%,Yes,Yes,Yes,Yes,
8557832036,8557832036,2026-03-31,2026-03-31,100.00%,Yes,Yes,Yes,Yes,
